{"cameraMode":{"drawMode":0,"name":"Shaded","section":"Shading Mode"},"sceneLighting":true,"audioPlay":false,"sceneViewState":{"showFog":true,"showMaterialUpdate":false,"showSkybox":true,"showFlares":true,"showImageEffects":true,"showParticleSystems":true},"in2DMode":false,"pivot":{"x":-3.1678428649902345,"y":0.32982778549194338,"z":2.988032341003418},"rotation":{"x":-0.13409936428070069,"y":0.5683922171592712,"z":-0.09454326331615448,"w":-0.8063255548477173},"size":16.138050079345704,"orthographic":false}